{
    "1101000001": {
        "ECS-80A,\u5185\u8d38\u5e38\u89c4": [
            0,
            0,
            0,
            1,
            "14.0"
        ]
    },
    "1101000002": {
        "N-ECS80A-04 ECS-F80RLS": [
            0,
            0,
            1,
            0,
            "14.0"
        ],
        "N-ECS80A-04 ECS-F80RL": [
            0,
            0,
            0,
            1,
            "14.0"
        ]
    },
    "1101000021": {
        "W-ETC60HT-04": [
            1,
            0,
            0,
            1,
            "5.0"
        ]
    },
    "1101000066": {
        "N-ECSRF10-06": [
            0,
            0,
            0,
            1,
            "22.0"
        ]
    },
    "1101000069": {
        "N-ECSRF10-13": [
            0,
            0,
            0,
            1,
            "10.0"
        ]
    },
    "1101000070": {
        "N-ECSRF10-14": [
            0,
            0,
            0,
            1,
            "10.0"
        ]
    },
    "1101000081": {
        "N-ECSRF10-26": [
            0,
            0,
            0,
            1,
            "8.0"
        ]
    },
    "1101010075": {
        "LTC-1626,\u5916\u8d38\u5e38\u89c4": [
            0,
            0,
            0,
            1,
            "14.0"
        ]
    },
    "1101010077": {
        "LTC-1815,\u5916\u8d38\u5e38\u89c4": [
            0,
            0,
            0,
            1,
            "8.0"
        ]
    },
    "1101010161": {
        "LTC-70PLUS-52-A(30.0.10.10)S0V2WL62-RCE-CN": [
            0,
            0,
            1,
            0,
            "4.0"
        ]
    },
    "1101060017": {
        "BCD-20 30A,\u5185\u8d38\u5b9a\u5236": [
            1,
            1,
            0,
            0,
            "9.0"
        ]
    },
    "1101130076": {
        "ETC-100+,\u5185\u8d38\u5e38\u89c4": [
            0,
            0,
            0,
            1,
            "8.0"
        ]
    },
    "1101130077": {
        "ETC-100+\u5916\u8d38\u5e38\u89c4": [
            0,
            0,
            1,
            0,
            "4.0"
        ]
    },
    "1101130078": {
        "ETC-100+,\u5916\u8d38\u4e2d\u6027": [
            0,
            0,
            0,
            1,
            "8.0"
        ]
    },
    "1101130080": {
        "W-ETC100+ -08": [
            0,
            0,
            0,
            1,
            "8.0"
        ]
    },
    "1101130104": {
        "ETC-902,\u5916\u8d38\u5e38\u89c4": [
            0,
            0,
            0,
            1,
            "6.0"
        ]
    },
    "1101130107": {
        "W-ETC902-08": [
            1,
            0,
            1,
            0,
            "2.0"
        ]
    },
    "1101130138": {
        "STC-1000,\u5185\u8d38\u5e38\u89c4": [
            0,
            0,
            0,
            1,
            "8.0"
        ]
    },
    "1101130140": {
        "STC-1000,\u5916\u8d38\u5e38\u89c4": [
            0,
            0,
            1,
            1,
            "8.0"
        ]
    },
    "1101130153": {
        "STC-200+,\u5185\u8d38\u5e38\u89c4": [
            0,
            1,
            1,
            1,
            "2.45"
        ]
    },
    "1101130155": {
        "STC-200+,\u5916\u8d38\u5e38\u89c4": [
            0,
            0,
            1,
            1,
            "7.0"
        ]
    },
    "1101130187": {
        "STC-8080A+,\u5185\u8d38\u5e38\u89c4": [
            0,
            0,
            1,
            1,
            "5.0"
        ]
    },
    "1101130188": {
        "STC-8080A+,\u5916\u8d38\u5e38\u89c4": [
            0,
            0,
            1,
            1,
            "5.0"
        ]
    },
    "1101130248": {
        "W-ETC3000-15": [
            0,
            0,
            0,
            1,
            "5.2"
        ]
    },
    "1101130281": {
        "EK-3030 \u8272,\u5916\u8d38\u4e2d\u6027": [
            0,
            0,
            1,
            1,
            "8.0"
        ]
    },
    "1101130398": {
        "W-EK3030E-07": [
            0,
            0,
            1,
            1,
            "8.0"
        ]
    },
    "1101130430": {
        "W-ECS180neo-09 A(17.10.10.00)": [
            1,
            0,
            0,
            1,
            "10.0"
        ]
    },
    "1101130432": {
        "W-ECS180neo-11 A(17.10.10.00)": [
            1,
            0,
            1,
            1,
            "10.0"
        ]
    },
    "1101130452": {
        "N-ECS180neo-26": [
            0,
            0,
            1,
            1,
            "8.0"
        ]
    },
    "1101130470": {
        "EK-1000 \u7070\u8272,\u5916\u8d38\u5e38\u89c4": [
            0,
            0,
            0,
            1,
            "12.0"
        ]
    },
    "1101130491": {
        "ECS-4180neo A(17.10.10.00)S24.B,\u5916\u8d38\u5e38\u89c4": [
            0,
            0,
            0,
            1,
            "9.0"
        ]
    },
    "1101130499": {
        "ECS-2012neo,\u5185\u8d38\u5e38\u89c4": [
            0,
            1,
            0,
            1,
            "13.0"
        ]
    },
    "1101130571": {
        "N-ECS180neo-35 A(20.10.05.00)": [
            0,
            1,
            1,
            1,
            "2.2"
        ]
    },
    "1101130622": {
        "ECS-2180neo-01-A(16.10.5.5)S24V2PW-R-ENPK(Elitech)": [
            0,
            1,
            1,
            1,
            "14.0"
        ]
    },
    "1101130732": {
        "ECS-180neo-19-A(25.10.5)S024-R-CN": [
            0,
            0,
            1,
            0,
            "3.0"
        ]
    },
    "1101140007": {
        "DHC-100+-11-X(10)V2PW-R-ENPK": [
            0,
            0,
            1,
            1,
            "2.0"
        ]
    },
    "1101310014": {
        "MTC-2120S,\u5185\u8d38\u5e38\u89c4": [
            0,
            0,
            0,
            1,
            "4.0"
        ]
    },
    "1101500001": {
        "N-STC8000H-08": [
            0,
            0,
            1,
            0,
            "8.0"
        ]
    },
    "1101850002": {
        "N-ACT-007-02-ELE24-03": [
            1,
            0,
            0,
            0,
            "16.0"
        ]
    },
    "1102040002": {
        "ECB-1000P,\u5916\u8d38\u5e38\u89c4": [
            0,
            0,
            1,
            0,
            "15.0"
        ]
    },
    "1102040006": {
        "ECB-1000Q,\u5916\u8d38\u5e38\u89c4": [
            0,
            0,
            1,
            0,
            "15.0"
        ]
    },
    "1102040014": {
        "W-ECB1000Q-15": [
            0,
            0,
            1,
            0,
            "20.0"
        ]
    },
    "1102040028": {
        "ECB-1000PLUS CLOUD,\u5916\u8d38\u5e38\u89c4": [
            0,
            0,
            1,
            0,
            "31.0"
        ]
    },
    "1102040030": {
        "W-ECB1000PLUS CLOUD-01": [
            0,
            0,
            1,
            0,
            "31.0"
        ]
    },
    "1102311550": {
        "\u7cbe\u521b\u7279\u4ea7SC+5-55": [
            1,
            1,
            0,
            1,
            30
        ]
    },
    "1103020084": {
        "HETL-01,\u5185\u8d38\u5b9a\u5236": [
            0,
            1,
            0,
            0,
            "7.0"
        ]
    },
    "1103020184": {
        "\u3010\u4ea7\u54c1\u5df2\u9000\u5e02\u3011Tlog 100EC,\u5185\u8d38\u5e38\u89c4": [
            0,
            1,
            0,
            0,
            "10.0"
        ]
    },
    "1103020205": {
        "W-Tlog100EL-01,\u82f1\u7f8e\u516c\u53f8": [
            0,
            1,
            0,
            0,
            "5.0"
        ]
    },
    "2101020009": {
        "EMC-2100\u7535\u6e90\u677f\u7ec4\u4ef6": [
            0,
            0,
            0,
            1,
            "16.0"
        ]
    },
    "2101060033": {
        "N-BCD9-01\u663e\u793a\u677f\u7ec4\u4ef6": [
            0,
            1,
            0,
            0,
            "6.0"
        ]
    },
    "2101310078": {
        "N-ECM-30B-01": [
            0,
            0,
            1,
            0,
            "31.0"
        ]
    },
    "2101610018": {
        "S-3440-d06-D \u624b\u64cd\u677f\u7ec4\u4ef6": [
            0,
            1,
            0,
            0,
            "15.0"
        ]
    },
    "2103100020": {
        "RCW-360 Plus \u5185\u7f6e\u6e29\u6e7f\u5ea6\u4f20\u611f\u5668\u7ebf\u8def\u677f\u7ec4\u4ef6 SHT31 FPC\u6392\u7ebf\u8fde\u63a5 SMT\u8d34\u7247\u7ec4\u4ef6": [
            0,
            0,
            0,
            1,
            "42.0"
        ]
    },
    "2103110016": {
        "RCW-W1X_WIFI_V1.0 WIFI\u7ec4\u4ef6": [
            0,
            0,
            1,
            0,
            "15.0"
        ]
    },
    "2131030002": {
        "CPK-4": [
            0,
            0,
            0,
            1,
            "9.0"
        ]
    },
    "2141000257": {
        "GSP-6 \u8d85\u4f4e\u6e29\u4f20\u611f\u5668 \u82f1\u6587\u5e38\u89c4": [
            0,
            1,
            0,
            0,
            "20.0"
        ]
    },
    "2141010002": {
        "DHC+,2m,\u6e7f\u5ea6\u63a2\u5934,\u4e09\u82af\u7ebf": [
            0,
            0,
            0,
            1,
            "2.0"
        ]
    },
    "2141010024": {
        "DHC-100+\u6e7f\u5ea6\u4f20\u611f\u5668\u7ec4\u4ef6(14\u7c73)": [
            0,
            0,
            0,
            1,
            "2.0"
        ]
    },
    "21810000004": {
        "CLD-100 PCB\u5355\u9762\u8d34\u7ec4\u4ef6": [
            0,
            0,
            1,
            0,
            "11.0"
        ]
    },
    "21810000005": {
        "LD-100+,PCB\u5355\u9762\u8d34\u7ec4\u4ef6": [
            0,
            0,
            1,
            0,
            "31.0"
        ]
    },
    "21810000011": {
        "MC-100 \u663e\u793a\u677fPCB\u5355\u9762\u8d34\u7ec4\u4ef6": [
            0,
            0,
            1,
            0,
            "13.0"
        ]
    },
    "21810000017": {
        "ETC-974A \u7535\u6e90\u677fPCB\u5355\u9762\u8d34\u7ec4\u4ef6": [
            0,
            0,
            0,
            1,
            "11.0"
        ]
    },
    "21810000018": {
        "ETC-974A \u663e\u793a\u677fPCB\u5355\u9762\u8d34\u7ec4\u4ef6": [
            0,
            0,
            1,
            1,
            "3.0"
        ]
    },
    "21810000054": {
        "S-119-D \u5f31\u7535\u677fPCB\u5355\u9762\u8d34\u7ec4\u4ef6": [
            0,
            0,
            1,
            0,
            "16.0"
        ]
    },
    "21810000074": {
        "S-113-D \u5f31\u7535\u677fPCB\u5355\u9762\u8d34\u7ec4\u4ef6": [
            0,
            0,
            0,
            1,
            "17.0"
        ]
    },
    "21810000094": {
        "M2000_2nd \u6e29\u6e7f\u5ea6PCB\u5355\u9762\u8d34\u7ec4\u4ef6": [
            0,
            0,
            0,
            1,
            "1.0"
        ]
    },
    "21810000095": {
        "M2000_2nd CO2\u677fPCB\u5355\u9762\u8d34\u7ec4\u4ef6": [
            0,
            0,
            0,
            1,
            "5.0"
        ]
    },
    "21810000142": {
        "T-506(ST) \u4e3b\u63a7\u677fPCB\u5355\u9762\u8d34\u7ec4\u4ef6": [
            0,
            0,
            0,
            1,
            "11.0"
        ]
    },
    "21810000147": {
        "EMC-3100-03D PCB\u5355\u9762\u8d34\u7ec4\u4ef6": [
            1,
            0,
            0,
            0,
            "11.0"
        ]
    },
    "21810000158": {
        "S-100-M \u5f3a\u7535\u677fPCB\u5355\u9762\u8d34\u7ec4\u4ef6": [
            0,
            0,
            0,
            1,
            "8.0"
        ]
    },
    "21810000162": {
        "ECS-6011neo-01 \u7535\u6e90\u677fPCB\u5355\u9762\u8d34\u7ec4\u4ef6": [
            0,
            0,
            0,
            1,
            "6.0"
        ]
    },
    "21810000167": {
        "CPU-1G PCB\u5355\u9762\u8d34\u7ec4\u4ef6": [
            0,
            0,
            1,
            0,
            "18.0"
        ]
    },
    "21810000198": {
        "CPU-C PCB\u5355\u9762\u8d34\u7ec4\u4ef6": [
            0,
            0,
            1,
            0,
            "18.0"
        ]
    },
    "21810000207": {
        "EA-200-P \u7535\u6e90\u677fPCB\u5355\u9762\u8d34\u7ec4\u4ef6": [
            0,
            0,
            0,
            1,
            "11.0"
        ]
    },
    "21810000212": {
        "S-4000-CT01 PCB\u5355\u9762\u8d34\u7ec4\u4ef6": [
            0,
            0,
            0,
            1,
            "3.0"
        ]
    },
    "21810000213": {
        "TPM-900+-25 PCB\u5355\u9762\u8d34\u7ec4\u4ef6": [
            0,
            0,
            0,
            1,
            "12.0"
        ]
    },
    "21810000216": {
        "LTC-51PLUS-02 \u663e\u793a\u677fPCB\u5355\u9762\u8d34\u7ec4\u4ef6": [
            0,
            0,
            1,
            0,
            "11.0"
        ]
    },
    "21810000217": {
        "LTC-51PLUS-03 \u663e\u793a\u677fPCB\u5355\u9762\u8d34\u7ec4\u4ef6": [
            0,
            0,
            1,
            0,
            "11.0"
        ]
    },
    "21810000242": {
        "N-BCD20-07 PCB\u5355\u9762\u8d34\u7ec4\u4ef6": [
            1,
            1,
            0,
            0,
            "9.0"
        ]
    },
    "21810000247": {
        "N-BCD20-09 PCB\u5355\u9762\u8d34\u7ec4\u4ef6": [
            1,
            0,
            0,
            0,
            "9.0"
        ]
    },
    "21810000265": {
        "MTC-6000N(STM32G070RBT6) \u4e3b\u677fPCB\u5355\u9762\u8d34\u7ec4\u4ef6": [
            0,
            0,
            1,
            0,
            "9.0"
        ]
    },
    "21810000268": {
        "MTC-6000N WiFi(STM32G070RBT6) WiFi\u677fPCB\u5355\u9762\u8d34\u7ec4\u4ef6": [
            0,
            0,
            0,
            1,
            "5.0"
        ]
    },
    "21810000270": {
        "CP-6000N(R7F0C901B2DNP) \u4e3b\u677fPCB\u5355\u9762\u8d34\u7ec4\u4ef6": [
            0,
            0,
            0,
            1,
            "13.0"
        ]
    },
    "21810000289": {
        "BCD-22 PCB\u5355\u9762\u8d34\u7ec4\u4ef6": [
            1,
            0,
            0,
            0,
            "9.0"
        ]
    },
    "21810000290": {
        "EK-3030A \u663e\u793a\u677fPCB\u5355\u9762\u8d34\u7ec4\u4ef6": [
            1,
            0,
            1,
            0,
            "6.0"
        ]
    },
    "21810000291": {
        "EK-3030A \u7535\u6e90\u677fPCB\u5355\u9762\u8d34\u7ec4\u4ef6": [
            0,
            0,
            0,
            1,
            "4.0"
        ]
    },
    "21810000315": {
        "LMC-300 \u7535\u78c1\u9600\u677fPCB\u5355\u9762\u8d34\u7ec4\u4ef6": [
            0,
            0,
            0,
            1,
            "7.0"
        ]
    },
    "21810000327": {
        "N-EKO10-01 \u4e3b\u677fPCB\u5355\u9762\u8d34\u7ec4\u4ef6": [
            0,
            0,
            0,
            1,
            "11.0"
        ]
    },
    "21810000328": {
        "N-EKO10-02 \u663e\u793a\u677fPCB\u5355\u9762\u8d34\u7ec4\u4ef6": [
            0,
            0,
            1,
            0,
            "13.0"
        ]
    },
    "21810000347": {
        "ETC-H6-04 \u7535\u6e90\u677f\u5355\u9762\u8d34\u7ec4\u4ef6": [
            0,
            0,
            1,
            0,
            "9.0"
        ]
    },
    "21810000374": {
        "ECS-02CX-01 \u7535\u6e90\u677fPCB\u5355\u9762\u8d34\u7ec4\u4ef6": [
            0,
            0,
            0,
            1,
            "13.0"
        ]
    },
    "21810000375": {
        "ECS-02CX-01 \u663e\u793a\u677fPCB\u5355\u9762\u8d34\u7ec4\u4ef6": [
            0,
            1,
            1,
            0,
            "2.2"
        ]
    },
    "21810000376": {
        "ECS-11neo-03 \u7535\u6e90\u677fPCB\u5355\u9762\u8d34\u7ec4\u4ef6": [
            0,
            0,
            0,
            1,
            "11.0"
        ]
    },
    "21810000377": {
        "ECS-11neo-03 \u663e\u793a\u677fPCB\u5355\u9762\u8d34\u7ec4\u4ef6": [
            0,
            1,
            0,
            0,
            "2.2"
        ]
    },
    "21810000381": {
        "EMG-40V PCB\u5355\u9762\u8d34\u7ec4\u4ef6": [
            0,
            1,
            0,
            0,
            "62.0"
        ]
    },
    "21810000396": {
        "ETC-3000A \u663e\u793a\u677fPCB\u5355\u9762\u8d34\u7ec4\u4ef6": [
            0,
            0,
            1,
            1,
            "4.0"
        ]
    },
    "21810000397": {
        "ETC-3000A \u7535\u6e90\u677fPCB\u5355\u9762\u8d34\u7ec4\u4ef6": [
            0,
            0,
            0,
            1,
            "8.0"
        ]
    },
    "21810000408": {
        "ECS-180neo-14 \u7535\u6e90\u677fPCB\u5355\u9762\u8d34\u7ec4\u4ef6": [
            0,
            0,
            0,
            1,
            "10.0"
        ]
    },
    "21810000409": {
        "ECS-180neo-14 \u663e\u793a\u677fPCB\u5355\u9762\u8d34\u7ec4\u4ef6": [
            1,
            0,
            1,
            0,
            "3.0"
        ]
    },
    "21810000413": {
        "LTC-100(RS) \u4e3b\u63a7\u677fPCB\u5355\u9762\u8d34\u7ec4\u4ef6": [
            0,
            0,
            1,
            0,
            "16.0"
        ]
    },
    "21810000419": {
        "ECS-06CX \u5185\u8d38\u5e38\u89c4 \u663e\u793a\u677fPCB\u5355\u9762\u8d34\u7ec4\u4ef6": [
            0,
            1,
            0,
            0,
            "2.2"
        ]
    },
    "21810000447": {
        "RC-51H \u526f\u677f PCB\u5355\u9762\u8d34\u7ec4\u4ef6": [
            0,
            0,
            0,
            1,
            "3.0"
        ]
    },
    "21810000469": {
        "ECS-961neo-01 \u663e\u793a\u677fPCB\u5355\u9762\u8d34\u7ec4\u4ef6": [
            0,
            1,
            1,
            0,
            "2.2"
        ]
    },
    "21810000476": {
        "TI-2S PCB\u5355\u9762\u8d34\u7ec4\u4ef6": [
            0,
            1,
            0,
            0,
            "5.0"
        ]
    },
    "21810000507": {
        "ECS-16 \u7535\u6e90\u677fPCB\u5355\u9762\u8d34\u7ec4\u4ef6": [
            0,
            0,
            0,
            1,
            "6.0"
        ]
    },
    "21810000508": {
        "ECS-16 \u663e\u793a\u677fPCB\u5355\u9762\u8d34\u7ec4\u4ef6": [
            1,
            1,
            1,
            0,
            "2.1"
        ]
    },
    "21810000511": {
        "LTC-70-43 \u663e\u793a\u677fPCB\u5355\u9762\u8d34\u7ec4\u4ef6": [
            0,
            0,
            1,
            0,
            "12.0"
        ]
    },
    "21810000515": {
        "N-ECS04CX-07 \u7535\u6e90\u677fPCB\u5355\u9762\u8d34\u7ec4\u4ef6": [
            1,
            0,
            0,
            0,
            "11.0"
        ]
    },
    "21810000521": {
        "EK-3010A \u663e\u793a\u677fPCB\u5355\u9762\u8d34\u7ec4\u4ef6": [
            1,
            0,
            1,
            0,
            "6.0"
        ]
    },
    "21810000522": {
        "EK-3020A \u663e\u793a\u677fPCB\u5355\u9762\u8d34\u7ec4\u4ef6": [
            0,
            0,
            1,
            0,
            "6.0"
        ]
    },
    "21810000523": {
        "EK-3021A \u663e\u793a\u677fPCB\u5355\u9762\u8d34\u7ec4\u4ef6": [
            1,
            0,
            0,
            0,
            "5.0"
        ]
    },
    "21810000539": {
        "VGW-760 PCB\u5355\u9762\u8d34\u7ec4\u4ef6": [
            0,
            0,
            1,
            0,
            "17.0"
        ]
    },
    "21810000542": {
        "N-ECS180neo-04 \u663e\u793a\u677fPCB\u5355\u9762\u8d34\u7ec4\u4ef6": [
            1,
            0,
            0,
            0,
            "2.0"
        ]
    },
    "21810000543": {
        "N-ECS180neo-04 \u7535\u6e90\u677fPCB\u5355\u9762\u8d34\u7ec4\u4ef6": [
            0,
            0,
            0,
            1,
            "11.0"
        ]
    },
    "21810000545": {
        "ECS-180neoA(30.10.00.00) \u663e\u793a\u677fPCB\u5355\u9762\u8d34\u7ec4\u4ef6": [
            0,
            1,
            1,
            0,
            "2.0"
        ]
    },
    "21810000546": {
        "ECS-180neoA(17.10.10.00) \u7535\u6e90\u677fPCB\u5355\u9762\u8d34\u7ec4\u4ef6": [
            0,
            0,
            0,
            1,
            "10.0"
        ]
    },
    "21810000547": {
        "ECS-180neoA(17.10.10.00) \u663e\u793a\u677fPCB\u5355\u9762\u8d34\u7ec4\u4ef6": [
            1,
            0,
            1,
            0,
            "3.0"
        ]
    },
    "21810000556": {
        "\u03bcBOX-1A-01 PCB\u5355\u9762\u8d34\u7ec4\u4ef6": [
            0,
            0,
            0,
            1,
            "14.0"
        ]
    },
    "21810000558": {
        "LTW-103-01D PCB\u5355\u9762\u8d34\u7ec4\u4ef6": [
            0,
            0,
            1,
            0,
            "14.0"
        ]
    },
    "21810000569": {
        "LTC-70-45 \u663e\u793a\u677fPCB\u5355\u9762\u8d34\u7ec4\u4ef6": [
            0,
            0,
            1,
            0,
            "12.0"
        ]
    },
    "21810000576": {
        "TPM-910+,\u5185\u8d38\u5e38\u89c4 \u7535\u6e90\u677fPCB\u5355\u9762\u8d34\u7ec4\u4ef6": [
            0,
            0,
            0,
            1,
            "3.0"
        ]
    },
    "21810000577": {
        "TPM-910+,\u5185\u8d38\u5e38\u89c4 \u663e\u793a\u677fPCB\u5355\u9762\u8d34\u7ec4\u4ef6": [
            0,
            0,
            0,
            1,
            "6.0"
        ]
    },
    "21810000609": {
        "EMC-3000-04D \u663e\u793a\u677fPCB\u5355\u9762\u8d34\u7ec4\u4ef6": [
            0,
            0,
            1,
            0,
            "25.0"
        ]
    },
    "21810000614": {
        "ECS-H6-01 \u7535\u6e90\u677f\u5355\u9762\u8d34\u7ec4\u4ef6": [
            0,
            0,
            1,
            0,
            "8.0"
        ]
    },
    "21810000634": {
        "N-ECS180neo-16 \u7535\u6e90\u677fPCB\u5355\u9762\u8d34\u7ec4\u4ef6": [
            0,
            0,
            0,
            1,
            "9.0"
        ]
    },
    "21810000641": {
        "S-3662-d04-D PCB\u5355\u9762\u8d34\u7ec4\u4ef6": [
            0,
            1,
            0,
            0,
            "10.0"
        ]
    },
    "21810000652": {
        "MiniBox-1A-02 PCB\u5355\u9762\u8d34\u7ec4\u4ef6": [
            0,
            0,
            0,
            1,
            "19.0"
        ]
    },
    "21810000657": {
        "N-ECS04CX-07\u663e\u793a\u677f PCB\u5355\u9762\u8d34\u7ec4\u4ef6": [
            0,
            0,
            1,
            0,
            "2.0"
        ]
    },
    "21810000659": {
        "STC-8000X \u7535\u6e90\u677fPCB\u5355\u9762\u8d34\u7ec4\u4ef6": [
            0,
            0,
            0,
            1,
            "3.0"
        ]
    },
    "21810000660": {
        "S-3662-M PCB\u5355\u9762\u8d34\u7ec4\u4ef6": [
            1,
            0,
            0,
            0,
            "17.0"
        ]
    },
    "21810000663": {
        "S-3662-d03-M PCB\u5355\u9762\u8d34\u7ec4\u4ef6": [
            1,
            0,
            0,
            0,
            "26.0"
        ]
    },
    "21810000668": {
        "S-3552-D \u56db\u5b63\u6c90\u6b4c PCB\u5355\u9762\u8d34\u7ec4\u4ef6": [
            1,
            0,
            0,
            0,
            "9.0"
        ]
    },
    "21810000669": {
        "S-3545A-M PCB\u5355\u9762\u8d34\u7ec4\u4ef6": [
            0,
            0,
            1,
            0,
            "14.0"
        ]
    },
    "21810000672": {
        "S-3552-D\u592a\u9633\u96e8 PCB\u5355\u9762\u8d34\u7ec4\u4ef6": [
            0,
            0,
            1,
            0,
            "12.0"
        ]
    },
    "21810000673": {
        "ECS-100 \u5185\u8d38\u5e38\u89c4 \u7535\u6e90\u677fPCB\u5355\u9762\u8d34\u7ec4\u4ef6": [
            0,
            0,
            0,
            1,
            "10.0"
        ]
    },
    "21810000674": {
        "ECS-100 \u5185\u8d38\u5e38\u89c4 \u663e\u793a\u677fPCB\u5355\u9762\u8d34\u7ec4\u4ef6": [
            0,
            1,
            1,
            0,
            "2.0"
        ]
    },
    "21810000681": {
        "S-3535-M PCB\u5355\u9762\u8d34\u7ec4\u4ef6": [
            0,
            0,
            1,
            0,
            "14.0"
        ]
    },
    "21810000688": {
        "N-LTC70-15 \u663e\u793a\u677fPCB\u5355\u9762\u8d34\u7ec4\u4ef6": [
            0,
            0,
            1,
            0,
            "17.0"
        ]
    },
    "21810000689": {
        "N-LTC70-20 \u663e\u793a\u677fPCB\u5355\u9762\u8d34\u7ec4\u4ef6": [
            0,
            0,
            1,
            0,
            "17.0"
        ]
    },
    "21810000690": {
        "N-LTC70-01 \u663e\u793a\u677fPCB\u5355\u9762\u8d34\u7ec4\u4ef6": [
            1,
            0,
            0,
            0,
            "9.0"
        ]
    },
    "21810000693": {
        "EK-20(RS)-03 \u4e3b\u63a7\u677fPCB\u5355\u9762\u8d34\u7ec4\u4ef6": [
            0,
            0,
            0,
            1,
            "6.0"
        ]
    },
    "21810000694": {
        "EK-20(RS)-03 \u663e\u793a\u677fPCB\u5355\u9762\u8d34\u7ec4\u4ef6": [
            0,
            0,
            1,
            0,
            "9.0"
        ]
    },
    "21810000695": {
        "EK-20(RS)-04 \u663e\u793a\u677fPCB\u5355\u9762\u8d34\u7ec4\u4ef6": [
            0,
            0,
            1,
            0,
            "16.0"
        ]
    },
    "21810000696": {
        "EK-20(RS)-06 \u663e\u793a\u677fPCB\u5355\u9762\u8d34\u7ec4\u4ef6": [
            0,
            0,
            1,
            0,
            "9.0"
        ]
    },
    "21810000700": {
        "LTC-50D-25 \u663e\u793a\u677fPCB\u5355\u9762\u8d34\u7ec4\u4ef6": [
            0,
            0,
            1,
            0,
            "9.0"
        ]
    },
    "21810000702": {
        "ECS-10 \u5185\u8d38\u5e38\u89c4 \u7535\u6e90\u677fPCB\u5355\u9762\u8d34\u7ec4\u4ef6": [
            0,
            0,
            0,
            1,
            "6.0"
        ]
    },
    "21810000704": {
        "ECS-41 \u5916\u8d38\u4e2d\u6027 \u7535\u6e90\u677fPCB\u5355\u9762\u8d34\u7ec4\u4ef6": [
            0,
            0,
            0,
            1,
            "7.0"
        ]
    },
    "21810000707": {
        "S-4102N-D PCB\u5355\u9762\u8d34\u7ec4\u4ef6": [
            1,
            0,
            0,
            0,
            "6.0"
        ]
    },
    "21810000712": {
        "ECS180neo-34 \u7535\u6e90\u677fPCB\u5355\u9762\u8d34\u7ec4\u4ef6": [
            0,
            0,
            0,
            1,
            "9.0"
        ]
    },
    "21810000714": {
        "N-ECS180(A)-03 \u663e\u793a\u677fPCB\u5355\u9762\u8d34\u7ec4\u4ef6": [
            1,
            0,
            1,
            0,
            "2.0"
        ]
    },
    "21810000722": {
        "S-4102-M PCB\u5355\u9762\u8d34\u7ec4\u4ef6": [
            1,
            0,
            0,
            0,
            "32.0"
        ]
    },
    "21810000731": {
        "STC-8080H \u663e\u793a\u677fPCB\u5355\u9762\u8d34\u7ec4\u4ef6": [
            0,
            0,
            1,
            0,
            "6.0"
        ]
    },
    "21810000733": {
        "STC-8080H \u7535\u6e90\u677fPCB\u5355\u9762\u8d34\u7ec4\u4ef6": [
            0,
            0,
            0,
            1,
            "7.0"
        ]
    },
    "21810000745": {
        "S-3532-D PCB\u5355\u9762\u8d34\u7ec4\u4ef6": [
            1,
            0,
            1,
            0,
            "13.0"
        ]
    },
    "21810000748": {
        "N-ECS16-10 \u663e\u793a\u677fPCB\u5355\u9762\u8d34\u7ec4\u4ef6": [
            0,
            1,
            1,
            0,
            "2.1"
        ]
    },
    "21810000750": {
        "S-4102-D PCB\u5355\u9762\u8d34\u7ec4\u4ef6": [
            1,
            0,
            0,
            0,
            "11.0"
        ]
    },
    "21810000770": {
        "N-ECS16-06 \u7535\u6e90\u677fPCB\u5355\u9762\u8d34\u7ec4\u4ef6": [
            0,
            0,
            0,
            1,
            "12.0"
        ]
    },
    "21810000771": {
        "N-ECS16-06 \u663e\u793a\u677fPCB\u5355\u9762\u8d34\u7ec4\u4ef6": [
            0,
            0,
            1,
            0,
            "2.5"
        ]
    },
    "21810000772": {
        "LTC-70-22 \u663e\u793a\u677fPCB\u5355\u9762\u8d34\u7ec4\u4ef6": [
            1,
            0,
            1,
            0,
            "12.0"
        ]
    },
    "21810000776": {
        "ECS-3016A-01 \u663e\u793a\u677fPCB\u5355\u9762\u8d34\u7ec4\u4ef6": [
            0,
            0,
            1,
            0,
            "4.0"
        ]
    },
    "21810000778": {
        "TPM-950 PCB\u5355\u9762\u8d34\u7ec4\u4ef6": [
            0,
            0,
            1,
            1,
            "3.0"
        ]
    },
    "21810000801": {
        "N-ECS180neo-33 \u7535\u6e90\u677fPCB\u5355\u9762\u8d34\u7ec4\u4ef6": [
            0,
            0,
            0,
            1,
            "8.0"
        ]
    },
    "21810000807": {
        "ECS-974neo-01 \u7535\u6e90\u677fPCB\u5355\u9762\u8d34\u7ec4\u4ef6": [
            0,
            0,
            0,
            1,
            "12.0"
        ]
    },
    "21810000808": {
        "ECS-974neo-01 \u663e\u793a\u677fPCB\u5355\u9762\u8d34\u7ec4\u4ef6": [
            0,
            1,
            1,
            0,
            "2.2"
        ]
    },
    "21810000810": {
        "LTC-51RF-01 \u7535\u6e90\u677fPCB\u5355\u9762\u8d34\u7ec4\u4ef6": [
            0,
            0,
            0,
            1,
            "8.0"
        ]
    },
    "21810000822": {
        "EMC-2100 \u663e\u793a\u677fPCB\u5355\u9762\u8d34\u7ec4\u4ef6": [
            0,
            1,
            0,
            0,
            "14.0"
        ]
    },
    "21810000831": {
        "BCD-15-07 \u4e3b\u677fPCB\u5355\u9762\u8d34\u7ec4\u4ef6": [
            1,
            0,
            0,
            0,
            "15.0"
        ]
    },
    "21810000846": {
        "MEC-SY1-D PCB\u5355\u9762\u8d34\u7ec4\u4ef6": [
            1,
            0,
            0,
            0,
            "24.0"
        ]
    },
    "21810000847": {
        "MEC-SY2-D PCB\u5355\u9762\u8d34\u7ec4\u4ef6": [
            1,
            0,
            0,
            0,
            "24.0"
        ]
    },
    "21810000848": {
        "MEC-SY3-D PCB\u5355\u9762\u8d34\u7ec4\u4ef6": [
            1,
            0,
            0,
            0,
            "25.0"
        ]
    },
    "21810000850": {
        "BCD-9 \u7535\u6e90\u677fPCB\u5355\u9762\u8d34\u7ec4\u4ef6": [
            0,
            1,
            0,
            0,
            "120.0"
        ]
    },
    "21810000853": {
        "MEC-SY1-P PCB\u5355\u9762\u8d34\u7ec4\u4ef6": [
            0,
            0,
            0,
            1,
            "6.0"
        ]
    },
    "21810000858": {
        "N-BCD9A-04-D \u663e\u793a\u677fPCB\u5355\u9762\u8d34\u7ec4\u4ef6": [
            0,
            1,
            0,
            0,
            "19.0"
        ]
    },
    "21810000859": {
        "N-BCD9A-05-D \u663e\u793a\u677fPCB\u5355\u9762\u8d34\u7ec4\u4ef6": [
            0,
            1,
            0,
            0,
            "19.0"
        ]
    },
    "21810000875": {
        "ETC-200+ \u663e\u793a\u677fPCB\u5355\u9762\u8d34\u7ec4\u4ef6": [
            0,
            0,
            1,
            0,
            "4.0"
        ]
    },
    "21810000876": {
        "ETC-200+ \u7535\u6e90\u677fPCB\u5355\u9762\u8d34\u7ec4\u4ef6": [
            0,
            0,
            0,
            1,
            "4.0"
        ]
    },
    "21810000891": {
        "RCW_IOTLOG-20_INPogo_TOP PCB\u5355\u9762\u8d34\u7ec4\u4ef6": [
            0,
            0,
            0,
            1,
            "1.0"
        ]
    },
    "21810000903": {
        "tempmate-i1 PCB\u5355\u9762\u8d34\u7ec4\u4ef6": [
            0,
            1,
            0,
            0,
            "6.0"
        ]
    },
    "21810000905": {
        "ECS-180neo-19 \u7535\u6e90\u677fPCB\u5355\u9762\u8d34\u7ec4\u4ef6": [
            0,
            0,
            0,
            1,
            "9.0"
        ]
    },
    "21810000915": {
        "ECS-180neo(17.10.5.5) \u7535\u6e90\u677fPCB\u5355\u9762\u8d34\u7ec4\u4ef6": [
            0,
            0,
            0,
            1,
            "10.0"
        ]
    },
    "21810000922": {
        "STC-8000H \u663e\u793a\u677fPCB\u5355\u9762\u8d34\u7ec4\u4ef6": [
            0,
            0,
            1,
            0,
            "6.0"
        ]
    },
    "21810000923": {
        "STC-8000H \u7535\u6e90\u677fPCB\u5355\u9762\u8d34\u7ec4\u4ef6": [
            0,
            0,
            0,
            1,
            "7.0"
        ]
    },
    "21810000931": {
        "W-ECS180neo-03 \u7535\u6e90\u677fPCB\u5355\u9762\u8d34\u7ec4\u4ef6": [
            0,
            0,
            0,
            1,
            "10.0"
        ]
    },
    "21810000934": {
        "MTC-6000PLUS WIFI\u677fPCB\u5355\u9762\u8d34\u7ec4\u4ef6": [
            0,
            0,
            0,
            1,
            "5.28"
        ]
    },
    "21810000945": {
        "N-ECS80A+ -09 PCB\u5355\u9762\u8d34\u7ec4\u4ef6": [
            0,
            0,
            0,
            1,
            "14.0"
        ]
    },
    "21810000946": {
        "N-ECS80A+ -11 PCB\u5355\u9762\u8d34\u7ec4\u4ef6": [
            0,
            0,
            0,
            1,
            "14.0"
        ]
    },
    "21810000949": {
        "ECS-10-03 \u663e\u793a\u677fPCB\u5355\u9762\u8d34\u7ec4\u4ef6": [
            1,
            0,
            0,
            0,
            "2.2"
        ]
    },
    "21810000958": {
        "T-506C \u4e3b\u63a7\u677fPCB\u5355\u9762\u8d34\u7ec4\u4ef6": [
            0,
            0,
            0,
            1,
            "22.0"
        ]
    },
    "21810000959": {
        "N-ECS180neo-19 \u7535\u6e90\u677fPCB\u5355\u9762\u8d34\u7ec4\u4ef6": [
            0,
            0,
            0,
            1,
            "8.0"
        ]
    },
    "21810000983": {
        "LTC-20HT-01 PCB\u5355\u9762\u8d34\u7ec4\u4ef6": [
            0,
            0,
            0,
            1,
            "15.0"
        ]
    },
    "21810000984": {
        "LTC-24HT-01 PCB\u5355\u9762\u8d34\u7ec4\u4ef6": [
            0,
            0,
            0,
            1,
            "15.0"
        ]
    },
    "21810001031": {
        "MC-100-02M PCB\u5355\u9762\u8d34\u7ec4\u4ef6": [
            1,
            0,
            0,
            0,
            "23.0"
        ]
    },
    "21810001039": {
        "DR-830(ST)|JN PCB\u5355\u9762\u8d34\u7ec4\u4ef6": [
            1,
            0,
            0,
            0,
            "21.0"
        ]
    },
    "21810001044": {
        "ETC-100+ \u663e\u793a\u677fPCB\u5355\u9762\u8d34\u7ec4\u4ef6": [
            0,
            0,
            1,
            0,
            "4.0"
        ]
    },
    "21810001053": {
        "DMG-4B-01 PCB\u5355\u9762\u8d34\u7ec4\u4ef6": [
            0,
            1,
            0,
            0,
            "20.0"
        ]
    },
    "21810001057": {
        "S-3662-d01-D PCB\u5355\u9762\u8d34\u7ec4\u4ef6": [
            1,
            0,
            0,
            0,
            "10.0"
        ]
    },
    "21810001058": {
        "S-3662-d03-D PCB\u5355\u9762\u8d34\u7ec4\u4ef6": [
            1,
            0,
            0,
            0,
            "10.0"
        ]
    },
    "21810001069": {
        "T-503C-02 \u663e\u793a\u677fPCB\u5355\u9762\u8d34\u7ec4\u4ef6": [
            0,
            0,
            0,
            1,
            "10.0"
        ]
    },
    "21810001082": {
        "DHC-100+ \u663e\u793a\u677fPCB\u5355\u9762\u8d34\u7ec4\u4ef6": [
            0,
            0,
            1,
            0,
            "5.0"
        ]
    },
    "21810001083": {
        "DHC-100+ \u7535\u6e90\u677fPCB\u5355\u9762\u8d34\u7ec4\u4ef6": [
            0,
            0,
            1,
            1,
            "7.0"
        ]
    },
    "21810001085": {
        "LTC-51RF-03 \u7535\u6e90\u677fPCB\u5355\u9762\u8d34\u7ec4\u4ef6": [
            0,
            0,
            0,
            1,
            "8.0"
        ]
    },
    "21810001091": {
        "BCD-20-13 PCB\u5355\u9762\u8d34\u7ec4\u4ef6": [
            1,
            1,
            0,
            0,
            "9.0"
        ]
    },
    "21810001092": {
        "EMC-3000-05M PCB\u5355\u9762\u8d34\u7ec4\u4ef6": [
            0,
            1,
            0,
            0,
            "35.0"
        ]
    },
    "21810001094": {
        "LS-300-01M \u4e3b\u677fPCB\u5355\u9762\u8d34\u7ec4\u4ef6": [
            0,
            1,
            0,
            0,
            "42.0"
        ]
    },
    "21810001097": {
        "N-BCD15-08-M PCB\u5355\u9762\u8d34\u7ec4\u4ef6": [
            1,
            0,
            0,
            0,
            "21.0"
        ]
    },
    "21810001109": {
        "S-3531-d01-M PCB\u5355\u9762\u8d34\u7ec4\u4ef6": [
            0,
            0,
            1,
            0,
            "14.0"
        ]
    },
    "21810001110": {
        "BCD-9-03M \u7535\u6e90\u677fPCB\u5355\u9762\u8d34\u7ec4\u4ef6": [
            0,
            1,
            0,
            0,
            "20.0"
        ]
    },
    "21810001121": {
        "BCD-8-03D PCB\u5355\u9762\u8d34\u7ec4\u4ef6": [
            0,
            1,
            0,
            0,
            "15.0"
        ]
    },
    "21810001136": {
        "S-3331-NET01-D(SC) \u8f6c\u63a5\u677fPCB\u5355\u9762\u8d34\u7ec4\u4ef6": [
            0,
            0,
            0,
            1,
            "2.0"
        ]
    },
    "21810001137": {
        "S-3331-NET01-D(SC) PCB\u5355\u9762\u8d34\u7ec4\u4ef6": [
            1,
            1,
            0,
            0,
            "8.0"
        ]
    },
    "21810001140": {
        "S-3662H-D PCB\u5355\u9762\u8d34\u7ec4\u4ef6": [
            1,
            0,
            0,
            0,
            "13.0"
        ]
    },
    "21810001153": {
        "ECB-1000S \u5916\u8d38\u5e38\u89c4 \u4e3b\u677fPCB\u5355\u9762\u8d34\u7ec4\u4ef6": [
            0,
            0,
            1,
            0,
            "31.0"
        ]
    },
    "21810001165": {
        "DHC-100+\u4f20\u611f\u5668(HIH4010) PCB\u5355\u9762\u8d34\u7ec4\u4ef6": [
            0,
            0,
            0,
            1,
            "2.0"
        ]
    },
    "21810001166": {
        "DHC-100+\u4f20\u611f\u5668(SHT-30-ARP) PCB\u5355\u9762\u8d34\u7ec4\u4ef6": [
            0,
            0,
            0,
            1,
            "6.0"
        ]
    },
    "21810001170": {
        "W-ECS06CX-04 \u7535\u6e90\u677fPCB\u5355\u9762\u8d34\u7ec4\u4ef6": [
            0,
            0,
            0,
            1,
            "7.0"
        ]
    },
    "21810001181": {
        "N-ECS180neo-19 \u663e\u793a\u677fPCB\u5355\u9762\u8d34\u7ec4\u4ef6": [
            1,
            1,
            0,
            0,
            "2.0"
        ]
    },
    "21810001186": {
        "LTC-03K-02(SC) \u663e\u793a\u677fPCB\u5355\u9762\u8d34\u7ec4\u4ef6": [
            0,
            0,
            1,
            0,
            "8.0"
        ]
    },
    "21810001221": {
        "S-3K06-d01-D PCB\u5355\u9762\u8d34\u7ec4\u4ef6": [
            0,
            0,
            1,
            0,
            "13.0"
        ]
    },
    "21810001223": {
        "N-ECS180(B)-03 \u7535\u6e90\u677fPCB\u5355\u9762\u8d34\u7ec4\u4ef6": [
            0,
            0,
            0,
            1,
            "10.0"
        ]
    },
    "21810001224": {
        "N-ECS180(B)-03 \u663e\u793a\u677fPCB\u5355\u9762\u8d34\u7ec4\u4ef6": [
            0,
            0,
            1,
            0,
            "3.0"
        ]
    },
    "21810001254": {
        "MC-100-03M \u4e3b\u63a7\u677fPCB\u5355\u9762\u8d34\u7ec4\u4ef6": [
            1,
            0,
            0,
            0,
            "23.0"
        ]
    },
    "21810100002": {
        "RC-17 SMT\u8d34\u7247\u7ec4\u4ef6": [
            0,
            1,
            0,
            0,
            "3.0"
        ]
    },
    "21810100013": {
        "tempmate S2 SMT\u8d34\u7247\u7ec4\u4ef6": [
            0,
            1,
            0,
            0,
            "4.0"
        ]
    },
    "21810100014": {
        "tempmate S2H SMT\u8d34\u7247\u7ec4\u4ef6": [
            0,
            1,
            0,
            0,
            "4.0"
        ]
    },
    "21810100017": {
        "ACT-H21-07 SMT\u8d34\u7247\u7ec4\u4ef6": [
            1,
            0,
            0,
            0,
            "9.0"
        ]
    },
    "21810100024": {
        "LKC1000S+ 2nd \u4e3b\u677fSMT\u8d34\u7247\u7ec4\u4ef6": [
            1,
            0,
            0,
            0,
            "30.0"
        ]
    },
    "21810100025": {
        "Tlog 100-TH SMT\u8d34\u7247\u7ec4\u4ef6": [
            0,
            1,
            0,
            0,
            "10.0"
        ]
    },
    "21810100026": {
        "Tlog 100-TE SMT\u8d34\u7247\u7ec4\u4ef6": [
            0,
            1,
            0,
            0,
            "10.0"
        ]
    },
    "21810100028": {
        "Tlog 100 BLE-TH SMT\u8d34\u7247\u7ec4\u4ef6": [
            0,
            1,
            0,
            0,
            "10.0"
        ]
    },
    "21810100029": {
        "Tlog 100 BLE-TE SMT\u8d34\u7247\u7ec4\u4ef6": [
            0,
            1,
            0,
            0,
            "10.0"
        ]
    },
    "21810100032": {
        "Tlog 100-TCE SMT\u8d34\u7247\u7ec4\u4ef6": [
            0,
            1,
            0,
            0,
            "7.0"
        ]
    },
    "21810100038": {
        "M2000_2nd \u4e3b\u677fSMT\u8d34\u7247\u7ec4\u4ef6": [
            1,
            0,
            0,
            0,
            "20.0"
        ]
    },
    "21810100039": {
        "RCW-360_WIFI(2.4G&5G) SMT\u8d34\u7247\u7ec4\u4ef6": [
            0,
            1,
            0,
            0,
            "17.0"
        ]
    },
    "21810100040": {
        "LMC-200 \u663e\u793a\u677fSMT\u8d34\u7247\u7ec4\u4ef6": [
            1,
            0,
            1,
            1,
            "14.0"
        ]
    },
    "21810100052": {
        "N-T506(ST)-02 \u663e\u793a\u677fSMT\u8d34\u7247\u7ec4\u4ef6": [
            0,
            0,
            0,
            1,
            "6.0"
        ]
    },
    "21810100058": {
        "GSP-6-02 SMT\u8d34\u7247\u7ec4\u4ef6": [
            1,
            0,
            0,
            0,
            "4.0"
        ]
    },
    "21810100067": {
        "STC-2 \u663e\u793a\u677fSMT\u8d34\u7247\u7ec4\u4ef6": [
            0,
            0,
            1,
            0,
            "4.0"
        ]
    },
    "21810100079": {
        "RCW-360PW-TDLE SMT\u8d34\u7247\u7ec4\u4ef6": [
            0,
            1,
            0,
            0,
            "35.0"
        ]
    },
    "21810100092": {
        "STC-1000WIFI(Renesas)\u4e3b\u677fSMT\u8d34\u7247\u7ec4\u4ef6": [
            1,
            0,
            0,
            1,
            "4.0"
        ]
    },
    "21810100094": {
        "LMC-100F+ SMT\u8d34\u7247\u7ec4\u4ef6": [
            0,
            0,
            1,
            0,
            "7.0"
        ]
    },
    "21810100097": {
        "RCW-3200\u5916\u8d38\u9ad8\u9891 SMT\u8d34\u7247\u7ec4\u4ef6": [
            0,
            1,
            0,
            0,
            "14.0"
        ]
    },
    "21810100100": {
        "STC-1000Pro(Renesas)\u6b27\u6807 \u4e3b\u677fSMT\u8d34\u7247\u7ec4\u4ef6": [
            1,
            0,
            0,
            0,
            "4.0"
        ]
    },
    "21810100102": {
        "STC-1000WIFI(Renesas)\u6b27\u6807 \u4e3b\u677fSMT\u8d34\u7247\u7ec4\u4ef6": [
            1,
            0,
            0,
            1,
            "4.0"
        ]
    },
    "21810100104": {
        "MTC-6000N(STM32G070RBT6) \u663e\u793a\u677fSMT\u8d34\u7247\u7ec4\u4ef6": [
            1,
            0,
            1,
            0,
            "3.0"
        ]
    },
    "21810100106": {
        "CP-6000N(R7F0C901B2DNP) \u663e\u793a\u677fSMT\u8d34\u7247\u7ec4\u4ef6": [
            1,
            0,
            0,
            0,
            "3.0"
        ]
    },
    "21810100109": {
        "STC-1000Pro TH(Renesas)\u6b27\u6807 \u4e3b\u677fSMT\u8d34\u7247\u7ec4\u4ef6": [
            1,
            1,
            0,
            1,
            "4.0"
        ]
    },
    "21810100111": {
        "STC-1000WIFI TH(Renesas)\u6b27\u6807 \u4e3b\u677fSMT\u8d34\u7247\u7ec4\u4ef6": [
            1,
            1,
            0,
            0,
            "4.0"
        ]
    },
    "21810100116": {
        "LMC-300 \u6309\u952e\u677f SMT\u8d34\u7247\u7ec4\u4ef6": [
            0,
            0,
            1,
            1,
            "4.0"
        ]
    },
    "21810100117": {
        "LMC-300 \u663e\u793a\u677f SMT\u8d34\u7247\u7ec4\u4ef6": [
            1,
            0,
            1,
            0,
            "14.0"
        ]
    },
    "21810100123": {
        "GSP-8A SMT\u8d34\u7247\u7ec4\u4ef6": [
            0,
            1,
            0,
            1,
            "12.0"
        ]
    },
    "21810100132": {
        "ACT-H31 SMT\u8d34\u7247\u7ec4\u4ef6": [
            1,
            0,
            0,
            0,
            "27.0"
        ]
    },
    "21810100164": {
        "LTC-100(RS) \u663e\u793a\u677fSMT\u8d34\u7247\u7ec4\u4ef6": [
            0,
            0,
            1,
            0,
            "11.0"
        ]
    },
    "21810100165": {
        "RC-11+ SMT\u8d34\u7247\u7ec4\u4ef6": [
            1,
            1,
            0,
            0,
            "1.0"
        ]
    },
    "21810100169": {
        "LogEt 1 SMT\u8d34\u7247\u7ec4\u4ef6": [
            0,
            1,
            0,
            0,
            "5.0"
        ]
    },
    "21810100185": {
        "RC-51H\u4e3b\u677f SMT\u8d34\u7247\u7ec4\u4ef6": [
            1,
            1,
            0,
            0,
            "5.0"
        ]
    },
    "21810100189": {
        "ILD-200 SMT\u8d34\u7247\u7ec4\u4ef6": [
            0,
            0,
            1,
            0,
            "6.0"
        ]
    },
    "21810100205": {
        "LMC-310A \u663e\u793a\u677fSMT\u8d34\u7247\u7ec4\u4ef6": [
            1,
            0,
            1,
            1,
            "14.0"
        ]
    },
    "21810100206": {
        "LMC-310A \u79e4\u4f53\u677f SMT\u8d34\u7247\u7ec4\u4ef6": [
            0,
            0,
            1,
            0,
            "14.0"
        ]
    },
    "21810100207": {
        "RCW-360P-TDLE \u5916\u8d38 SMT\u8d34\u7247\u7ec4\u4ef6": [
            0,
            1,
            0,
            0,
            "43.0"
        ]
    },
    "21810100220": {
        "SVG-190 SMT\u8d34\u7247\u7ec4\u4ef6(MCU-\u534e\u5927)": [
            0,
            1,
            0,
            0,
            "17.0"
        ]
    },
    "21810100228": {
        "Tlog 10 SMT\u8d34\u7247\u7ec4\u4ef6": [
            0,
            1,
            0,
            0,
            "7.0"
        ]
    },
    "21810100229": {
        "Tlog 10E SMT\u8d34\u7247\u7ec4\u4ef6": [
            0,
            1,
            0,
            0,
            "5.0"
        ]
    },
    "21810100232": {
        "STC-1000HX \u663e\u793a\u677fSMT\u8d34\u7247\u7ec4\u4ef6": [
            0,
            0,
            1,
            0,
            "8.0"
        ]
    },
    "21810100234": {
        "RC-18 SMT\u8d34\u7247\u7ec4\u4ef6": [
            0,
            1,
            0,
            0,
            "3.0"
        ]
    },
    "21810100253": {
        "N-PM300-01 SMT\u8d34\u7247\u7ec4\u4ef6": [
            1,
            0,
            0,
            1,
            "7.0"
        ]
    },
    "21810100265": {
        "ETC-H6-04 \u663e\u793a\u677fSMT\u8d34\u7247\u7ec4\u4ef6": [
            0,
            0,
            0,
            1,
            "3.0"
        ]
    },
    "21810100266": {
        "STC-8000HX \u663e\u793a\u677fSMT\u8d34\u7247\u7ec4\u4ef6": [
            0,
            0,
            1,
            0,
            "8.0"
        ]
    },
    "21810100278": {
        "PGW-500 SMT\u8d34\u7247\u7ec4\u4ef6": [
            0,
            0,
            1,
            0,
            "29.0"
        ]
    },
    "21810100283": {
        "Tlog 10H SMT\u8d34\u7247\u7ec4\u4ef6": [
            0,
            1,
            0,
            0,
            "5.0"
        ]
    },
    "21810100289": {
        "RCW-800W WiFi\u7248,SMT\u8d34\u7247\u7ec4\u4ef6": [
            0,
            1,
            0,
            0,
            "42.0"
        ]
    },
    "21810100295": {
        "STC-1000WIFI TH(ST)\u6b27\u6807 \u4e3b\u677fSMT\u8d34\u7247\u7ec4\u4ef6": [
            1,
            0,
            0,
            0,
            "4.0"
        ]
    },
    "21810100304": {
        "ECS-42 \u5185\u8d38\u5b9a\u5236 \u663e\u793a\u677fSMT\u8d34\u7247\u7ec4\u4ef6": [
            1,
            0,
            0,
            1,
            "6.0"
        ]
    },
    "21810100319": {
        "STC-1PLUS-02 \u663e\u793a\u677fSMT\u8d34\u7247\u7ec4\u4ef6": [
            1,
            0,
            1,
            0,
            "4.0"
        ]
    },
    "21810100323": {
        "LTC-51RF \u663e\u793a\u677fSMT\u8d34\u7247\u7ec4\u4ef6": [
            0,
            0,
            0,
            1,
            "7.0"
        ]
    },
    "21810100332": {
        "LogEt 8 BLE SMT\u8d34\u7247\u7ec4\u4ef6": [
            0,
            1,
            0,
            0,
            "9.0"
        ]
    },
    "21810100335": {
        "LTW-202A-01D SMT\u8d34\u7247\u7ec4\u4ef6": [
            1,
            0,
            0,
            0,
            "12.0"
        ]
    },
    "21810100337": {
        "LMC-200 \u6309\u952e\u677fSMT\u8d34\u7247\u7ec4\u4ef6": [
            0,
            0,
            1,
            1,
            "4.0"
        ]
    },
    "21810100338": {
        "LMC-210 \u6309\u952e\u677f SMT\u8d34\u7247\u7ec4\u4ef6": [
            0,
            0,
            1,
            0,
            "4.0"
        ]
    },
    "21810100339": {
        "LMC-310 \u624b\u67c4\u6309\u952e\u677fSMT\u8d34\u7247\u7ec4\u4ef6": [
            0,
            0,
            1,
            0,
            "4.0"
        ]
    },
    "21810100340": {
        "STC-1000WIFI \u6b27\u6807 SMT\u8d34\u7247\u7ec4\u4ef6": [
            1,
            0,
            0,
            0,
            "4.0"
        ]
    },
    "21810100342": {
        "VGW-Mini(\u65b9\u6848A-MCU-G070) SMT\u8d34\u7247\u7ec4\u4ef6": [
            1,
            1,
            0,
            0,
            "15.0"
        ]
    },
    "21810100344": {
        "RCW-3000 \u7f51\u5173 \u4ed3\u50a8\u72484G+WIFI+lora \u5185\u8d38\u5e38\u89c4 SMT\u8d34\u7247\u7ec4\u4ef6": [
            1,
            0,
            0,
            0,
            "56.0"
        ]
    },
    "21810100373": {
        "RCW-360PW,L433\u5e38\u6e29\u7248\u7cfb\u5217 SMT\u8d34\u7247\u7ec4\u4ef6": [
            0,
            1,
            0,
            0,
            "35.0"
        ]
    },
    "21810100374": {
        "RCW-360P,L433\u5e38\u6e29\u7248\u7cfb\u5217,\u5185\u8d38 SMT\u8d34\u7247\u7ec4\u4ef6": [
            0,
            1,
            0,
            0,
            "43.0"
        ]
    },
    "21810100375": {
        "RCW-360P,L433\u5e38\u6e29\u7248\u7cfb\u5217,\u5916\u8d38 SMT\u8d34\u7247\u7ec4\u4ef6": [
            0,
            1,
            0,
            0,
            "43.0"
        ]
    },
    "21810100399": {
        "Tlog 10EH SMT\u8d34\u7247\u7ec4\u4ef6": [
            0,
            1,
            0,
            0,
            "5.0"
        ]
    },
    "21810100401": {
        "RCW_IOTLOG-20_LOW_MAIN_BOT_N SMT\u8d34\u7247\u7ec4\u4ef6": [
            0,
            1,
            0,
            0,
            "38.0"
        ]
    },
    "21810100403": {
        "PMS 16MD-up SMT\u8d34\u7247\u7ec4\u4ef6": [
            1,
            0,
            0,
            0,
            "6.0"
        ]
    },
    "21810100405": {
        "RC-4(FM) SMT\u8d34\u7247\u7ec4\u4ef6": [
            1,
            0,
            0,
            0,
            "4.24"
        ]
    },
    "21810100406": {
        "RC-4HC(FM) SMT\u8d34\u7247\u7ec4\u4ef6": [
            1,
            0,
            0,
            0,
            "4.24"
        ]
    },
    "21810100407": {
        "RC-5(FM) SMT\u8d34\u7247\u7ec4\u4ef6": [
            1,
            0,
            1,
            0,
            "9.0"
        ]
    },
    "21810100408": {
        "RC-5+(FM) SMT\u8d34\u7247\u7ec4\u4ef6": [
            1,
            0,
            1,
            0,
            "9.0"
        ]
    },
    "21810100428": {
        "RC-11+(FM) SMT\u8d34\u7247\u7ec4\u4ef6": [
            1,
            0,
            0,
            0,
            "1.05"
        ]
    },
    "21810100447": {
        "GSP-8G SMT\u8d34\u7247\u7ec4\u4ef6": [
            0,
            1,
            0,
            1,
            "34.0"
        ]
    },
    "21810100448": {
        "RCW_IOTLOG-20_CM_MAIN_BOT_TCE SMT\u8d34\u7247\u7ec4\u4ef6": [
            0,
            1,
            0,
            0,
            "38.0"
        ]
    },
    "21810100450": {
        "LTC-70PLUS-39 \u663e\u793a\u677fSMT\u8d34\u7247\u7ec4\u4ef6": [
            0,
            0,
            1,
            0,
            "4.0"
        ]
    },
    "21810100458": {
        "LTC-51RF-07 \u663e\u793a\u677fSMT\u8d34\u7247\u7ec4\u4ef6": [
            0,
            0,
            0,
            1,
            "7.0"
        ]
    },
    "21810100474": {
        "IotLog 20S TE-01(RCW-360 ALT) SMT\u8d34\u7247\u7ec4\u4ef6": [
            0,
            1,
            0,
            0,
            "38.0"
        ]
    },
    "21810100478": {
        "GSP-8G_Sensor \u5149\u7167\u4f20\u611f\u5668 SMT\u8d34\u7247\u7ec4\u4ef6": [
            0,
            0,
            0,
            1,
            "5.0"
        ]
    },
    "21810100494": {
        "T-506C-04 \u663e\u793a\u677fSMT\u8d34\u7247\u7ec4\u4ef6": [
            0,
            0,
            0,
            1,
            "6.0"
        ]
    },
    "21810100504": {
        "Inframate S-43 SMT\u8d34\u7247\u7ec4\u4ef6": [
            0,
            0,
            1,
            1,
            "24.0"
        ]
    },
    "21810100506": {
        "LTC-70PLUS-52 \u663e\u793a\u677fSMT\u8d34\u7247\u7ec4\u4ef6": [
            0,
            0,
            1,
            0,
            "6.0"
        ]
    }
}